{
  "execPath": "/Users/johnsimons/.platformio/packages/toolchain-gccarmnoneeabi/bin/arm-none-eabi-g++",
  "gccDefaultCFlags": "-fsyntax-only -g -Os -Wall -ffunction-sections -fdata-sections -mthumb -mcpu=cortex-m4 -nostdlib -fsingle-precision-constant -DF_CPU=72000000L -DLAYOUT_US_ENGLISH -DPLATFORMIO=030100 -D__MK20DX256__ -DTEENSY31 -DUSB_SERIAL -DARDUINO=10600 -DTEENSYDUINO=130",
  "gccDefaultCppFlags": "-fsyntax-only -fno-exceptions -std=gnu++0x -felide-constructors -fno-rtti -g -Os -Wall -ffunction-sections -fdata-sections -mthumb -mcpu=cortex-m4 -nostdlib -fsingle-precision-constant -DF_CPU=72000000L -DLAYOUT_US_ENGLISH -DPLATFORMIO=030100 -D__MK20DX256__ -DTEENSY31 -DUSB_SERIAL -DARDUINO=10600 -DTEENSYDUINO=130",
  "gccErrorLimit": 15,
  "gccIncludePaths": "/Users/johnsimons/.platformio/packages/framework-arduinoteensy/cores/teensy3,/Users/johnsimons/Documents/Arduino/glow_sensortest/src,/Users/johnsimons/.platformio/packages/framework-arduinoteensy/libraries/ADC,/Users/johnsimons/.platformio/packages/framework-arduinoteensy/libraries/AccelStepper,/Users/johnsimons/.platformio/packages/framework-arduinoteensy/libraries/Adafruit_CC3000,/Users/johnsimons/.platformio/packages/framework-arduinoteensy/libraries/Adafruit_CC3000/utility,/Users/johnsimons/.platformio/packages/framework-arduinoteensy/libraries/Adafruit_GFX,/Users/johnsimons/.platformio/packages/framework-arduinoteensy/libraries/Adafruit_ILI9340,/Users/johnsimons/.platformio/packages/framework-arduinoteensy/libraries/Adafruit_ILI9341,/Users/johnsimons/.platformio/packages/framework-arduinoteensy/libraries/Adafruit_NeoPixel,/Users/johnsimons/.platformio/packages/framework-arduinoteensy/libraries/Adafruit_RA8875,/Users/johnsimons/.platformio/packages/framework-arduinoteensy/libraries/Adafruit_SSD1306,/Users/johnsimons/.platformio/packages/framework-arduinoteensy/libraries/Adafruit_ST7735,/Users/johnsimons/.platformio/packages/framework-arduinoteensy/libraries/Adafruit_STMPE610,/Users/johnsimons/.platformio/packages/framework-arduinoteensy/libraries/Adafruit_VS1053,/Users/johnsimons/.platformio/packages/framework-arduinoteensy/libraries/Adafruit_nRF8001,/Users/johnsimons/.platformio/packages/framework-arduinoteensy/libraries/Adafruit_nRF8001/utility,/Users/johnsimons/.platformio/packages/framework-arduinoteensy/libraries/AltSoftSerial,/Users/johnsimons/.platformio/packages/framework-arduinoteensy/libraries/Artnet,/Users/johnsimons/.platformio/packages/framework-arduinoteensy/libraries/Audio,/Users/johnsimons/.platformio/packages/framework-arduinoteensy/libraries/Audio/utility,/Users/johnsimons/.platformio/packages/framework-arduinoteensy/libraries/Bounce,/Users/johnsimons/.platformio/packages/framework-arduinoteensy/libraries/Bounce2,/Users/johnsimons/.platformio/packages/framework-arduinoteensy/libraries/CapacitiveSensor,/Users/johnsimons/.platformio/packages/framework-arduinoteensy/libraries/DS1307RTC,/Users/johnsimons/.platformio/packages/framework-arduinoteensy/libraries/DmxSimple,/Users/johnsimons/.platformio/packages/framework-arduinoteensy/libraries/DogLcd,/Users/johnsimons/.platformio/packages/framework-arduinoteensy/libraries/EEPROM,/Users/johnsimons/.platformio/packages/framework-arduinoteensy/libraries/Encoder,/Users/johnsimons/.platformio/packages/framework-arduinoteensy/libraries/Encoder/utility,/Users/johnsimons/.platformio/packages/framework-arduinoteensy/libraries/Entropy,/Users/johnsimons/.platformio/packages/framework-arduinoteensy/libraries/Ethernet,/Users/johnsimons/.platformio/packages/framework-arduinoteensy/libraries/FastCRC,/Users/johnsimons/.platformio/packages/framework-arduinoteensy/libraries/FastLED,/Users/johnsimons/.platformio/packages/framework-arduinoteensy/libraries/FlexCAN,/Users/johnsimons/.platformio/packages/framework-arduinoteensy/libraries/FlexiTimer2,/Users/johnsimons/.platformio/packages/framework-arduinoteensy/libraries/FreqCount,/Users/johnsimons/.platformio/packages/framework-arduinoteensy/libraries/FreqMeasure,/Users/johnsimons/.platformio/packages/framework-arduinoteensy/libraries/FreqMeasureMulti,/Users/johnsimons/.platformio/packages/framework-arduinoteensy/libraries/FrequencyTimer2,/Users/johnsimons/.platformio/packages/framework-arduinoteensy/libraries/ILI9341_t3,/Users/johnsimons/.platformio/packages/framework-arduinoteensy/libraries/IRremote,/Users/johnsimons/.platformio/packages/framework-arduinoteensy/libraries/Keypad,/Users/johnsimons/.platformio/packages/framework-arduinoteensy/libraries/Keypad/utility,/Users/johnsimons/.platformio/packages/framework-arduinoteensy/libraries/LedControl/src,/Users/johnsimons/.platformio/packages/framework-arduinoteensy/libraries/LedDisplay,/Users/johnsimons/.platformio/packages/framework-arduinoteensy/libraries/LiquidCrystal,/Users/johnsimons/.platformio/packages/framework-arduinoteensy/libraries/LiquidCrystalFast,/Users/johnsimons/.platformio/packages/framework-arduinoteensy/libraries/LowPower,/Users/johnsimons/.platformio/packages/framework-arduinoteensy/libraries/MFRC522,/Users/johnsimons/.platformio/packages/framework-arduinoteensy/libraries/MIDI,/Users/johnsimons/.platformio/packages/framework-arduinoteensy/libraries/Metro,/Users/johnsimons/.platformio/packages/framework-arduinoteensy/libraries/MsTimer2,/Users/johnsimons/.platformio/packages/framework-arduinoteensy/libraries/NXPMotionSense,/Users/johnsimons/.platformio/packages/framework-arduinoteensy/libraries/NXPMotionSense/utility,/Users/johnsimons/.platformio/packages/framework-arduinoteensy/libraries/NewPing,/Users/johnsimons/.platformio/packages/framework-arduinoteensy/libraries/OSC,/Users/johnsimons/.platformio/packages/framework-arduinoteensy/libraries/OctoWS2811,/Users/johnsimons/.platformio/packages/framework-arduinoteensy/libraries/OneWire,/Users/johnsimons/.platformio/packages/framework-arduinoteensy/libraries/PS2Keyboard,/Users/johnsimons/.platformio/packages/framework-arduinoteensy/libraries/PS2Keyboard/utility,/Users/johnsimons/.platformio/packages/framework-arduinoteensy/libraries/PWMServo,/Users/johnsimons/.platformio/packages/framework-arduinoteensy/libraries/Ping,/Users/johnsimons/.platformio/packages/framework-arduinoteensy/libraries/PulsePosition,/Users/johnsimons/.platformio/packages/framework-arduinoteensy/libraries/RA8875,/Users/johnsimons/.platformio/packages/framework-arduinoteensy/libraries/RadioHead,/Users/johnsimons/.platformio/packages/framework-arduinoteensy/libraries/SD,/Users/johnsimons/.platformio/packages/framework-arduinoteensy/libraries/SD/utility,/Users/johnsimons/.platformio/packages/framework-arduinoteensy/libraries/SPI,/Users/johnsimons/.platformio/packages/framework-arduinoteensy/libraries/SPIFlash,/Users/johnsimons/.platformio/packages/framework-arduinoteensy/libraries/ST7565,/Users/johnsimons/.platformio/packages/framework-arduinoteensy/libraries/SerialFlash,/Users/johnsimons/.platformio/packages/framework-arduinoteensy/libraries/Servo,/Users/johnsimons/.platformio/packages/framework-arduinoteensy/libraries/ShiftPWM,/Users/johnsimons/.platformio/packages/framework-arduinoteensy/libraries/Snooze,/Users/johnsimons/.platformio/packages/framework-arduinoteensy/libraries/Snooze/utility,/Users/johnsimons/.platformio/packages/framework-arduinoteensy/libraries/SoftPWM,/Users/johnsimons/.platformio/packages/framework-arduinoteensy/libraries/SoftwareSerial,/Users/johnsimons/.platformio/packages/framework-arduinoteensy/libraries/TFT_ILI9163C,/Users/johnsimons/.platformio/packages/framework-arduinoteensy/libraries/Talkie,/Users/johnsimons/.platformio/packages/framework-arduinoteensy/libraries/Time,/Users/johnsimons/.platformio/packages/framework-arduinoteensy/libraries/TimeAlarms,/Users/johnsimons/.platformio/packages/framework-arduinoteensy/libraries/TimerOne,/Users/johnsimons/.platformio/packages/framework-arduinoteensy/libraries/TimerThree,/Users/johnsimons/.platformio/packages/framework-arduinoteensy/libraries/TinyGPS,/Users/johnsimons/.platformio/packages/framework-arduinoteensy/libraries/Tlc5940,/Users/johnsimons/.platformio/packages/framework-arduinoteensy/libraries/TouchScreen,/Users/johnsimons/.platformio/packages/framework-arduinoteensy/libraries/UTFT,/Users/johnsimons/.platformio/packages/framework-arduinoteensy/libraries/VirtualWire,/Users/johnsimons/.platformio/packages/framework-arduinoteensy/libraries/Wire,/Users/johnsimons/.platformio/packages/framework-arduinoteensy/libraries/Wire/utility,/Users/johnsimons/.platformio/packages/framework-arduinoteensy/libraries/XBee,/Users/johnsimons/.platformio/packages/framework-arduinoteensy/libraries/XPT2046_Touchscreen,/Users/johnsimons/.platformio/packages/framework-arduinoteensy/libraries/i2c_t3,/Users/johnsimons/.platformio/packages/framework-arduinoteensy/libraries/ks0108,/Users/johnsimons/.platformio/packages/framework-arduinoteensy/libraries/openGLCD,/Users/johnsimons/.platformio/packages/framework-arduinoteensy/libraries/ssd1351,/Users/johnsimons/.platformio/packages/framework-arduinoteensy/libraries/x10,/Users/johnsimons/.platformio/packages/toolchain-gccarmnoneeabi/arm-none-eabi/include,/Users/johnsimons/.platformio/packages/toolchain-gccarmnoneeabi/lib/gcc/arm-none-eabi/4.8.4/include,/Users/johnsimons/.platformio/packages/toolchain-gccarmnoneeabi/lib/gcc/arm-none-eabi/4.8.4/include-fixed",
  "gccSuppressWarnings": false
}
